store_number,address,city,state,zip
927,231 West Street,Gettysburg,PA,17325
3602,5675 York Road,New Oxford,PA,17350
4419,1529 Freeport Road,Natrona Heights,PA,15065
10910,4927 Homeville Road,West Mifflin,PA,15122
10926,1222 Brownsville Rd,Pittsburgh,PA,15210
10904,4960 William Flynn Hwy Ste 10,Allison Park,PA,15101
11916,4770 Mcknight Road Ste A,Pittsburgh,PA,15237
10950,568 Caste Village,Pittsburgh,PA,15236
10945,3434 William Penn Highway,Pittsburgh,PA,15235
274,1700 Murray Avenue,Pittsburgh,PA,15217
10924,5633 Baum Boulevard,Pittsburgh,PA,15206
7825,201 Devine Drive,Wexford,PA,15090
10915,109 Allegheny River Blvd,Oakmont,PA,15139
10953,1130 Perry Highway Ste 35,Pittsburgh,PA,15237
3459,802 Pennsylvania Avenue,Pittsburgh,PA,15233
3404,4934 Second Avenue,Pittsburgh,PA,15207
7843,3700 Walnut Street,Mckeesport,PA,15132
10949,5410 Keeport Drive,Pittsburgh,PA,15236
10941,1000 Airport Blvd,Coraopolis,PA,15108
10931,2501 Banksville Road,Pittsburgh,PA,15216
10955,1804 Golden Mile Highway,Pittsburgh,PA,15239
3527,155 Chartiers Avenue,Mc Kees Rocks,PA,15136
1944,900 Mount Royal Blvd,Pittsburgh,PA,15223
10938,880 Butler Street,Pittsburgh,PA,15223
10947,7345 Saltsburg Road,Pittsburgh,PA,15235
10933,1956 Greentree Road,Pittsburgh,PA,15220
4965,201 Grace Street,Pittsburgh,PA,15211
10936,519 Penn Avenue,Pittsburgh,PA,15222
2798,3939 Butler Street,Pittsburgh,PA,15201
10914,1700 Pine Hollow Road,Mc Kees Rocks,PA,15136
10917,4111 William Penn Hwy,Monroeville,PA,15146
4682,100 William Marks Drive,Homestead,PA,15120
10905,1701 Duncan Avenue,Allison Park,PA,15101
10893,1200 Pittsburgh Street,Cheswick,PA,15024
3200,623 Saint Clair Avenue,Clairton,PA,15025
2482,300 Market Street,Elizabeth,PA,15037
10937,623 Smithfield Street,Pittsburgh,PA,15222
10935,331 Penn Avenue,Pittsburgh,PA,15221
1925,210 9th Street,Glassport,PA,15045
10925,2150 Brownsville Rd Ste 120,Pittsburgh,PA,15210
10919,4534 Broadway Blvd,Monroeville,PA,15146
268,5504 Walnut Street,Pittsburgh,PA,15232
10928,623-625 East Ohio Street,Pittsburgh,PA,15212
10930,3700 Forbes Avenue,Pittsburgh,PA,15213
3412,1800-1814 Morningside Avenue,Pittsburgh,PA,15206
10906,5235 Library Road,Bethel Park,PA,15102
1094,3210 Banksville Road,Pittsburgh,PA,15216
10892,417 Chartiers Street,Bridgeville,PA,15017
272,209 Atwood Street,Pittsburgh,PA,15213
10921,1915-1921 East Carson Street,Pittsburgh,PA,15203
6712,100 Forbes Avenue Ste 100,Pittsburgh,PA,15222
10942,410 Cooke Lane,Pittsburgh,PA,15234
10954,1125 Freeport Road,Pittsburgh,PA,15238
10920,535 Lincoln Avenue,Pittsburgh,PA,15202
10946,6200 Saltsburg Road,Pittsburgh,PA,15235
10934,2336 Ardmore Boulevard,Pittsburgh,PA,15221
273,2300 Jane Street,Pittsburgh,PA,15203
10943,2501 Saw MIll Run Blvd,Pittsburgh,PA,15234
10939,4411 Howley Street,Pittsburgh,PA,15224
3571,103 West Allegheny Road,Imperial,PA,15126
10956,1121 Bower Hill Road,Pittsburgh,PA,15243
10922,200 Crafton Ingram S/C,Pittsburgh,PA,15205
269,230 Hays Avenue,Pittsburgh,PA,15210
10907,2100 Washington Pike,Carnegie,PA,15106
10916,517 Beaver Street,Sewickley,PA,15143
10911,1236 Long Run Road,Mckeesport,PA,15131
7832,4155 Ewalt Road,Gibsonia,PA,15044
10909,1710 Mount Royal Blvd,Glenshaw,PA,15116
10940,513 Perry Highway,Pittsburgh,PA,15229
1370,725 Lysle Boulevard,Mckeesport,PA,15132
7924,2270 Noblestown Road,Pittsburgh,PA,15205
1589,6375 Library Road,South Park,PA,15129
1448,412 Broadway Street,Coraopolis,PA,15108
6733,503 Clifton Road,Bethel Park,PA,15102
4783,5100 Library Road,Bethel Park,PA,15102
10929,3730 Brighton Road,Pittsburgh,PA,15212
10908,5990 University Blvd Ste 30,Coraopolis,PA,15108
2685,838 Fifth Avenue,Ford City,PA,16226
10998,165 Butler Road,Kittanning,PA,16201
10894,1021 First Avenue,Conway,PA,15027
10890,1505 7th Avenue,Beaver Falls,PA,15010
10901,351 Brighton Avenue,Rochester,PA,15074
2480,847 Midland Avenue,Midland,PA,15059
10888,2302 Sheffield Road,Aliquippa,PA,15001
10889,925 Merchant Street,Ambridge,PA,15003
2277,1799 Third Street,Beaver,PA,15009
2433,813 Third Avenue,New Brighton,PA,15066
1429,211 East Main Street,Everett,PA,15537
7861,3145 Main Street,Morgantown,PA,19543
3400,420 North 3rd Street,Womelsdorf,PA,19567
290,500 East Lancaster Avenue,Reading,PA,19607
1581,524 North 6th Street,Reading,PA,19601
11169,23 North Elm Street,Kutztown,PA,19530
11173,2962 St Lawrence Avenue,Reading,PA,19606
11172,4630 Perkiomen Avenue,Reading,PA,19606
447,1205 Ben Franklin Highway West,Douglassville,PA,19518
3425,807 South 4th Street,Hamburg,PA,19526
11171,3215 5th Street Highway,Reading,PA,19605
11174,2210 State Hill Road,Reading,PA,19610
467,525 Penn Avenue,Reading,PA,19611
11170,418 Penn Street,Reading,PA,19602
1975,4810 Penn Avenue,Reading,PA,19608
2591,670 Philadelphia Avenue,Reading,PA,19607
6742,94 June Drive,Roaring Spring,PA,16673
11011,600 Chestnut Avenue,Altoona,PA,16601
6741,1600 9th Ave Ste 35,Altoona,PA,16602
6740,3106 E Pleasant Valley,Altoona,PA,16601
11012,3331 Pleasant Valley Blvd,Altoona,PA,16602
6739,1365 Logan Avenue,Tyrone,PA,16686
6738,1201 Blair St,Hollidaysburg,PA,16648
561,2968 Elmira Street,Sayre,PA,18840
11083,1593 Elmira Street,Sayre,PA,18840
1830,77 Reuters Boulevard,Towanda,PA,18848
11084,148 Ennis Lane,Towanda,PA,18848
11115,547 West Trenton Avenue,Morrisville,PA,19067
11088,6542 H Logan Square,New Hope,PA,18938
2267,452 Pond Street,Bristol,PA,19007
11087,5176 Cold Springs Creamery Rd,Doylestown,PA,18902
11109,1 Summit Square Ste A,Langhorne,PA,19047
186,306 Town Center,Doylestown,PA,18901
11093,1039 2nd Street Pike,Richboro,PA,18954
850,8716 New Falls Road,Levittown,PA,19054
11091,5707 Easton Road,Pipersville,PA,18947
11092,1465-15 West Broad Street,Quakertown,PA,18951
11089,1 Ice Cream Alley,Newtown,PA,18940
291,345 West Broad Street,Quakertown,PA,18951
11106,600 Lincoln Highway,Fairless Hills,PA,19030
11114,696 Stoney Hill Road,Morrisville,PA,19067
11100,244 Commerce Circle,Bristol,PA,19007
11085,472 N Main Street,Doylestown,PA,18901
1704,657 Heacock Road,Morrisville,PA,19067
11090,519 Constitution Avenue,Perkasie,PA,18944
293,599 York Road,Warminster,PA,18974
11110,96 North Flowers MIll Road,Langhorne,PA,19047
7827,1080 S West End Blvd,Quakertown,PA,18951
11097,642 Easton Road,Warrington,PA,18976
1672,6912 New Falls Road,Levittown,PA,19057
923,1860 Brownsville Road,Feasterville Trevose,PA,19053
10984,178 Point Plaza,Butler,PA,16001
7781,20480 Route 19,Cranberry Township,PA,16066
10986,115 Perry Hwy Ste 146,Harmony,PA,16037
754,139 South Main Street,Butler,PA,16001
10987,100 Seven Fields Blvd,Mars,PA,16046
1698,221 Grove City Road,Slippery Rock,PA,16057
10983,200 Greater Butler Mart,Butler,PA,16001
10982,1520 N Main Street Ext,Butler,PA,16001
10988,129 Grand Ave,Mars,PA,16046
10980,1759 Goucher Street,Johnstown,PA,15905
1494,1120 Philadelphia Avenue,Northern Cambria,PA,15714
1549,630 Main St,Portage,PA,15946
4676,407 Central Avenue,Johnstown,PA,15902
10979,1501 Scalp Avenue,Johnstown,PA,15904
803,300 Market Street,Johnstown,PA,15901
4960,2470 Bedford Street,Johnstown,PA,15904
3364,1303 Shoemaker Street,Nanty Glo,PA,15943
1543,1212 Second Street,Cresson,PA,16630
756,4606 Admiral Peary Highway,Ebensburg,PA,15931
7850,620 E Allegheny Avenue,Emporium,PA,15834
1450,601 Delaware Avenue,Palmerton,PA,18071
11058,241 North First Street,Lehighton,PA,18235
2422,480 West Bertsch Street,Lansford,PA,18232
11059,1241 Blakeslee Blvd Dr Ste 2,Lehighton,PA,18235
11013,510 Westerly Parkway,State College,PA,16801
11015,821 East Bishop Street,Bellefonte,PA,16823
793,1927 Atherton Street,State College,PA,16801
11014,1536 North Atherton Street,State College,PA,16803
1415,929 South High Street,West Chester,PA,19382
995,237 East Lancaster Avenue,Wayne,PA,19087
11165,200 Kimberton Road,Phoenixville,PA,19460
7831,1307 Phoenixville Pike,West Chester,PA,19380
11144,101 Wallace Avenue,Downingtown,PA,19335
11155,1249 West Chester Pike,West Chester,PA,19382
1929,118 Eagleview Boulevard,Exton,PA,19341
992,320 East Lincoln Highway,Coatesville,PA,19320
11143,3807 Lincoln Highway,Downingtown,PA,19335
11148,120 South MIll Road,Kennett Square,PA,19348
1144,500 Chesterbrook Blvd Ste 2,Wayne,PA,19087
11119,644 West Lancaster Ave,Wayne,PA,19087
3768,1249 Horseshoe Pike,Downingtown,PA,19335
321,455 North 3rd Street,Oxford,PA,19363
11154,13 East Gay Street,West Chester,PA,19380
11151,1395 East Boot Road,West Chester,PA,19380
11142,128 Airport Road,Coatesville,PA,19320
11153,1535 West Chester Pike,West Chester,PA,19382
11166,1140 Town Square Rd,Pottstown,PA,19465
11152,927 Paoli Pike,West Chester,PA,19380
1548,610 Broad Street,New Bethlehem,PA,16242
10976,431 Commons Drive,Du Bois,PA,15801
740,8878 Clearfield Curwensville,Clearfield,PA,16830
11038,2411 Columbia Blvd,Bloomsburg,PA,17815
11073,400 West Second Street,Berwick,PA,18603
4616,208 East Central Avenue,Titusville,PA,16354
2380,975 Market Street,Meadville,PA,16335
10999,100 South Third Street,Conneaut Lake,PA,16316
4818,4965 Carlisle Pike,Mechanicsburg,PA,17050
418,105 Old York Road,New Cumberland,PA,17070
17783,7036 Wertzville Road,Mechanicsburg,PA,17050
7884,320 York Road,Carlisle,PA,17013
3607,1814 Spring Road,Carlisle,PA,17013
11018,429 South Hanover Street,Carlisle,PA,17013
3611,455-K North Enola Road,Enola,PA,17025
3613,5277 Simpson Ferry Road,Mechanicsburg,PA,17050
1074,1137 Market Street,Lemoyne,PA,17043
2000,330 Cumberland Parkway,Mechanicsburg,PA,17055
11017,3200 Market Street,Camp Hill,PA,17011
11023,300 S Fayette Street,Shippensburg,PA,17257
4288,3773 Peters Mountain Rd,Halifax,PA,17032
721,304 Market Street,Harrisburg,PA,17101
246,337 West Chocolate Avenue,Hershey,PA,17033
1981,2604 Linglestown Road,Harrisburg,PA,17110
4260,4299 Union Deposit Road,Harrisburg,PA,17111
1304,124 South Front Street,Harrisburg,PA,17113
4287,360 East Main Street,Middletown,PA,17057
1887,2103 N Third Street,Harrisburg,PA,17110
3608,1941 Derry Street,Harrisburg,PA,17104
866,501 South 29th St Ste A,Harrisburg,PA,17104
4284,3601 Walnut Street,Harrisburg,PA,17109
7894,4999 Jonestown Rd,Harrisburg,PA,17109
11101,705 W Lancaster Avenue,Bryn Mawr,PA,19010
1081,710 Burmont Road,Drexel Hill,PA,19026
1758,113 East Baltimore Avenue,Clifton Heights,PA,19018
11116,3599 West Chester Pike,Newtown Square,PA,19073
679,123 South 69th Street,Upper Darby,PA,19082
1566,327 North Chester Pike,Glenolden,PA,19036
2631,170 Saxer Avenue,Springfield,PA,19064
856,762 Chester Pike,Prospect Park,PA,19076
2442,950 East Baltimore Pike,Lansdowne,PA,19050
11105,832 North Lansdowne Ave,Drexel Hill,PA,19026
1274,4400 Pennell Road,Aston,PA,19014
2264,2722 West 9th Street,Chester,PA,19013
790,1305 West Chester Pike Ste 8,Havertown,PA,19083
11117,1500 Garrett Road,Upper Darby,PA,19082
11112,3120 Chichester Avenue,Marcus Hook,PA,19061
1567,2901 Springfield Road,Broomall,PA,19008
11113,510 East Baltimore Pike,Media,PA,19063
2476,101 Main Street,Ridgway,PA,15853
7853,901 S Saint Marys Street,Saint Marys,PA,15857
2375,925 West Erie Plaza,Erie,PA,16505
11010,4145 Buffalo Road,Erie,PA,16510
11008,353 East 6th Street,Erie,PA,16507
11006,105 West Main Street,North East,PA,16428
1854,1709 Liberty Street,Erie,PA,16502
11009,5430 Peach Street,Erie,PA,16509
1699,9141 Ridge Road,Girard,PA,16417
596,827 N Center Street,Corry,PA,16407
213,2715 Parade Street,Erie,PA,16504
11007,1338 East Grandview Blvd,Erie,PA,16504
1376,916 State Street,Erie,PA,16501
2382,163 West 26th Street,Erie,PA,16508
1398,1 East High Street,Union City,PA,16438
3443,6039 National Pike,Grindstone,PA,15442
10964,200 Memorial Blvd,Connellsville,PA,15425
10962,575 Morgantown Road,Uniontown,PA,15401
1963,262 Connellsville Street,Uniontown,PA,15401
230,200 North Antrim Way,Greencastle,PA,17225
11024,1513 East Main Street,Waynesboro,PA,17268
232,5035 Lincoln Way East,Fayetteville,PA,17222
3609,415 East Queen Street,Chambersburg,PA,17201
926,1440 East High Street,Waynesburg,PA,15370
1495,101 East Shirley Street,Mount Union,PA,17066
233,9635 William Penn Highway,Huntingdon,PA,16652
1014,200 Resort Plaza Drive,Blairsville,PA,15717
264,375 Philadelphia Street,Indiana,PA,15701
10975,201 West Mahoning Street,Punxsutawney,PA,15767
3470,580 Carbondale Road,Olyphant,PA,18447
11068,609 Luzerne Street,Scranton,PA,18504
7878,1050 Northern Blvd,Clarks Summit,PA,18411
501,201 North Washington Avenue,Scranton,PA,18503
11064,791 Scranton Carbondale Hwy,Archbald,PA,18403
216,6 Bochicchio Boulevard,Moscow,PA,18444
2768,54 North Main Street,Carbondale,PA,18407
1426,1650 Main Street,Olyphant,PA,18447
1021,401-403 South Main Street,Old Forge,PA,18518
1180,217 South Blakely Street,Scranton,PA,18512
726,1080 S Washington Avenue,Scranton,PA,18505
11069,1777 North Keyser Avenue,Scranton,PA,18508
3775,500 North Main Avenue,Scranton,PA,18504
3620,1550 Columbia Avenue,Lancaster,PA,17603
4684,825a East Chestnut Street,Lancaster,PA,17602
11034,2600 N Willow Street Pike,Willow Street,PA,17584
1922,315 West Fourth Street,Quarryville,PA,17566
729,59 North Queen Street,Lancaster,PA,17603
3610,1786-I Columbia Avenue,Columbia,PA,17512
10991,1730 Wilmington Road,New Castle,PA,16105
10992,115 Fifth Street,Ellwood City,PA,16117
10990,31 North Jefferson Street,New Castle,PA,16101
10994,135 South Market Street,New Wilmington,PA,16142
1662,980 East Main Street,Palmyra,PA,17078
11020,415 South 9th Street,Lebanon,PA,17042
11021,469 West Penn Avenue,Lebanon,PA,17042
245,2 Cumberland Street,Lebanon,PA,17042
200,1130 Cumberland Street,Lebanon,PA,17042
11056,6822 Hamilton Boulevard,Allentown,PA,18106
11053,1628 South Fourth Street,Allentown,PA,18103
6778,27 N 7th Street Ste 100,Allentown,PA,18101
11047,7719 Main Street,Fogelsville,PA,18051
4004,2108 Macarthur Road,Whitehall,PA,18052
11046,1328 Chestnut Street,Emmaus,PA,18049
11055,1650 North Cedar Crest Blvd,Allentown,PA,18104
7836,1401 W Tilghman Street,Allentown,PA,18102
11054,361 S Cedar Crest Blvd,Allentown,PA,18103
11042,2178 W Union Blvd,Bethlehem,PA,18018
1314,501 Main Street Ste 2,White Haven,PA,18661
11077,920 Wilkes-Barre Township Blvd,Wilkes Barre,PA,18702
1371,102 North Main Street,Pittston,PA,18640
1413,155 East Northampton Street,Wilkes Barre,PA,18701
4840,1000 North Church Street,Hazleton,PA,18201
1685,801 Wyoming Avenue Ste 9,Pittston,PA,18643
4990,2 Kirby Avenue,Mountain Top,PA,18707
218,5 East Main Street,Nanticoke,PA,18634
11081,556 Union Street,Luzerne,PA,18709
415,33 Public Square,Wilkes Barre,PA,18701
2568,2810 Memorial Highway,Shavertown,PA,18708
1632,20 South River Street,Wilkes Barre,PA,18705
11075,120 Laurel Plaza,Pittston,PA,18640
2426,39 West Side Mall,Kingston,PA,18704
11037,760 Broad Street,Montoursville,PA,17754
11036,1913 East 3rd Street,Williamsport,PA,17701
4791,2023 Lycoming Creek Road,Williamsport,PA,17701
4415,14 Fifth Street,Williamsport,PA,17701
1406,521 North Fraley Street,Kane,PA,16735
2474,59 North Main Street,Port Allegany,PA,16743
1668,700 Sharon New Castle Rd,Farrell,PA,16121
1071,60 South Water Street,Sharon,PA,16146
10996,64 North Mercer Ave,Sharpsville,PA,16150
3447,126 W Main Street,Grove City,PA,16127
3449,335 Main Street,Greenville,PA,16125
10995,1851 East State Street,Hermitage,PA,16148
3972,811 East State Street,Sharon,PA,16146
2769,100 Franklin Street,Mercer,PA,16137
1955,674 Route 196 Ste 14,Tobyhanna,PA,18466
11063,228 Main Street,Stroudsburg,PA,18360
1800,4551 Milford Road,East Stroudsburg,PA,18302
11062,3382 Route 940,Mount Pocono,PA,18344
1355,1707 Route 209,Brodheadsville,PA,18322
170,128 N Courtland Street,East Stroudsburg,PA,18301
7833,1390 S Valley Forge Road,Lansdale,PA,19446
11095,780 Route 113,Souderton,PA,18964
2797,1401 West Cheltenham Avenue,Elkins Park,PA,19027
1733,1400 West Main Street,Norristown,PA,19403
558,1441 Old York Road,Abington,PA,19001
11158,160 North Gulph Road Ste 1088,King Of Prussia,PA,19406
185,741 Route 113,Souderton,PA,18964
7772,33 W Ridge Ste 101,Royersford,PA,19468
1320,640 Montgomery Avenue,Narberth,PA,19072
11122,284 East Lancaster Avenue,Wynnewood,PA,19096
11162,1856 North Broad Street,Lansdale,PA,19446
11104,1650 Limekiln Pike,Dresher,PA,19025
3273,1201 South Bethlehem Pike,Ambler,PA,19002
443,350 Main Street,Pennsburg,PA,18073
7880,277 Dekalb Pike,North Wales,PA,19454
857,169 West Lancaster Avenue,Ardmore,PA,19003
3389,2674 Egypt Road,Norristown,PA,19403
819,340 East High Street,Pottstown,PA,19464
183,10 West Main Street,Lansdale,PA,19446
11099,2182 County Line Road,Huntingdon Valley,PA,19006
11096,1035 County Line Road,Huntingdon Valley,PA,19006
4256,1321 Easton Road,Abington,PA,19001
11160,200 W Ridge Avenue Ste 112,Conshohocken,PA,19428
2017,762 East Johnson Highway,Norristown,PA,19401
1292,270 Main Street,Harleysville,PA,19438
188,805 Huntingdon Pike,Huntingdon Valley,PA,19006
3495,820 Main Street,Royersford,PA,19468
11048,110 Main Street,Hellertown,PA,18055
11043,901 Northampton Street,Easton,PA,18042
11045,601 South 25th Street,Easton,PA,18045
813,104 E Third Street,Bethlehem,PA,18015
11049,200 South Best Avenue,Walnutport,PA,18088
1768,1620 Main Street,Northampton,PA,18067
1983,102 Easton Road,Nazareth,PA,18064
11040,2269 Schoenersville Road,Bethlehem,PA,18017
1384,450 Blue Valley Drive,Bangor,PA,18013
836,1781 Stefko Boulevard,Bethlehem,PA,18017
205,26 West Independence Street,Shamokin,PA,17872
4293,5 Friendly Drive,Duncannon,PA,17020
4286,5201 Spring Road Ste 6,Shermans Dale,PA,17090
3804,10 Newport Plaza,Newport,PA,17074
1089,3200-92 Red Lion Road,Philadelphia,PA,19114
3637,6363 Frankford Avenue,Philadelphia,PA,19135
822,5911-5933 Ridge Avenue,Philadelphia,PA,19128
11126,9910 Frankford Avenue Suite 250,Philadelphia,PA,19114
1299,2503-05 Welsh Road,Philadelphia,PA,19114
11124,4055-89 Market Street,Philadelphia,PA,19104
2790,1528 North Broad Street,Philadelphia,PA,19121
3876,1500 W Moyamensing Avenue,Philadelphia,PA,19145
1767,2801 W Dauphin Street,Philadelphia,PA,19132
2578,2121 W Lehigh Avenue Ste 5,Philadelphia,PA,19132
3461,5301 Chew Avenue,Philadelphia,PA,19138
2698,339 Spring Garden Street,Philadelphia,PA,19123
226,338 East Allegheny Avenue,Philadelphia,PA,19134
2451,5214-30 Baltimore Avenue,Philadelphia,PA,19143
1016,8130 Roosevelt Boulevard,Philadelphia,PA,19152
1365,215 South Broad Street,Philadelphia,PA,19107
3434,1924 Fairmount Avenue,Philadelphia,PA,19130
2709,8235 Stenton Avenue,Philadelphia,PA,19150
3227,3000-02 Reed Street,Philadelphia,PA,19146
2793,1201-43 West Girard Ave,Philadelphia,PA,19123
1127,2131-59 North Broad Street,Philadelphia,PA,19122
1563,6201 Germantown Avenue,Philadelphia,PA,19144
11140,2512 Island Avenue,Philadelphia,PA,19153
4611,5040 City Line Avenue,Philadelphia,PA,19131
3688,4616-4650 North Broad Street,Philadelphia,PA,19140
3523,1105-09 N 63rd Street,Philadelphia,PA,19151
3213,4641-51 Chestnut Street,Philadelphia,PA,19139
2564,113-131 West Wyoming Avenue,Philadelphia,PA,19140
6777,1900 Arch Street,Philadelphia,PA,19103
3251,3601 Midvale Avenue,Philadelphia,PA,19129
2587,3260 North Broad Street,Philadelphia,PA,19140
554,9280 Krewstown Road,Philadelphia,PA,19115
242,730-32 Market Street,Philadelphia,PA,19106
4932,260 West Lehigh Avenue Ste 80,Philadelphia,PA,19133
3783,810 S Broad Street,Philadelphia,PA,19146
3325,1443 South 7th Street,Philadelphia,PA,19147
11127,9773 Roosevelt Blvd,Philadelphia,PA,19114
552,6401 Oxford Avenue,Philadelphia,PA,19111
11136,1334 Windrim Avenue,Philadelphia,PA,19141
3225,2201 West Allegheny Ave,Philadelphia,PA,19132
11131,2545 Aramingo Avenue,Philadelphia,PA,19125
7834,9200 Frankford Avenue,Philadelphia,PA,19114
11130,7700 Crittenden Street Suite 101c,Philadelphia,PA,19118
1766,10 Snyder Avenue,Philadelphia,PA,19148
3394,4530 North 5th Street,Philadelphia,PA,19140
3959,2301 Walnut Street,Philadelphia,PA,19103
478,5400 Rising Sun Avenue,Philadelphia,PA,19120
3457,136 North 63rd Street,Philadelphia,PA,19139
3801,704-20 East Passyunk Avenue,Philadelphia,PA,19147
872,164 West Chelten Avenue,Philadelphia,PA,19144
3681,5440 Lansdowne Avenue,Philadelphia,PA,19131
1956,12311 Academy Road,Philadelphia,PA,19154
1754,4390 Richmond Street,Philadelphia,PA,19137
2252,5272 Torresdale Avenue,Philadelphia,PA,19124
852,11750 Bustleton Avenue,Philadelphia,PA,19116
821,6744-46 North Fifth Street,Philadelphia,PA,19126
3825,801 South 9th Street,Philadelphia,PA,19147
225,5612 N Fifth Street,Philadelphia,PA,19120
553,4011 Cottman Avenue,Philadelphia,PA,19135
1936,2017-2023 South Broad St,Philadelphia,PA,19148
11139,6515 Castor Avenue,Philadelphia,PA,19149
3377,7941 Oxford Avenue,Philadelphia,PA,19111
11134,2401 East Venango Street,Philadelphia,PA,19134
4938,7972 Castor Avenue,Philadelphia,PA,19152
1288,1315 East Washington Lane,Philadelphia,PA,19138
11125,7418-32 Oxford Avenue,Philadelphia,PA,19111
479,7615 Lindbergh Boulevard,Philadelphia,PA,19153
895,3900 Castor Avenue,Philadelphia,PA,19124
11135,6327-43 Torresdale Avenue,Philadelphia,PA,19135
1764,5627-99 Chestnut Street,Philadelphia,PA,19139
174,1628-36 Chestnut Street,Philadelphia,PA,19103
11141,4000 Woodhaven Road,Philadelphia,PA,19154
3770,1000-1008 Market Street,Philadelphia,PA,19107
145,5694 Rising Sun Avenue Ste 11,Philadelphia,PA,19120
2604,6101 North Broad Street,Philadelphia,PA,19141
4554,6731 Woodland Avenue,Philadelphia,PA,19142
11133,2000 Hamilton Street,Philadelphia,PA,19130
1941,7401 Ogontz Avenue,Philadelphia,PA,19138
1976,207 Route 6 West,Coudersport,PA,16915
11060,205 Center Street,Tamaqua,PA,18252
208,15 South Main Street,Shenandoah,PA,17976
696,15 West Centre Street,Mahanoy City,PA,17948
507,10 South Center Street,Pottsville,PA,17901
873,500 N Claude Lord Boulevard,Pottsville,PA,17901
2478,129 East Centre Street,Ashland,PA,17921
223,452 South Lehigh Avenue,Frackville,PA,17931
2693,44 Kings Village,Minersville,PA,17954
1780,1516 Jefferson Avenue,Windber,PA,15963
11082,801 Grow Avenue,Montrose,PA,18801
11016,24 East Avenue,Wellsboro,PA,16901
1496,508 East Second Street,Oil City,PA,16301
11002,1020 Liberty Street,Franklin,PA,16323
1147,175 Wilson Road,Bentleyville,PA,15314
10961,4185 Washington Road,Canonsburg,PA,15317
1353,25 East Pike Street,Canonsburg,PA,15317
2545,1001 Jefferson Avenue,Washington,PA,15301
1514,404 Third Street,California,PA,15419
4083,101 5th Street,Charleroi,PA,15022
10958,1396 West Chestnut St,Washington,PA,15301
1197,446 West Main Street,Monongahela,PA,15063
10960,601 West Pike Street,Canonsburg,PA,15317
3508,1340 Main Street,Burgettstown,PA,15021
2248,639 Hamlin Highway,Lake Ariel,PA,18436
229,1184 Texas Palmyra Highway,Honesdale,PA,18431
10900,700 Stevenson Blvd,New Kensington,PA,15068
3857,304 Depot Street,Latrobe,PA,15650
3586,111 North Plaza,Apollo,PA,15613
10973,120 Country Side Plaza,Mount Pleasant,PA,15666
1726,6531 Route 22,Delmont,PA,15626
1709,15 Centennial Way,Scottdale,PA,15683
2466,10 Donner Avenue,Monessen,PA,15062
10966,314 East Pittsburgh Street,Greensburg,PA,15601
1628,222 Y Street,Derry,PA,15627
10899,3200 Oregon Drive,New Kensington,PA,15068
210,621 Clay Avenue,Jeannette,PA,15644
10974,4830 William Penn Highway,Export,PA,15632
10970,3550 Route 130,Irwin,PA,15642
1814,113 West Main Street,West Newton,PA,15089
10891,843 Rostraver Road,Belle Vernon,PA,15012
10968,8775 Norwin Avenue,Irwin,PA,15642
10969,10 Clay Pike,Irwin,PA,15642
10967,6090 Route 30,Greensburg,PA,15601
10972,1008 Latrobe Thirty Plaza,Latrobe,PA,15650
263,685 North Main Street,Greensburg,PA,15601
11076,420 Tioga West Plz Ste 110,Tunkhannock,PA,18657
517,40-42 West Market Street,York,PA,17401
12999,301 Eisenhower Drive,Hanover,PA,17331
11027,1430 Baltimore Street,Hanover,PA,17331
11019,818 Us Route 15 North,Dillsburg,PA,17019
11033,3300 East Market Street,York,PA,17402
1902,2067 Route 116,Spring Grove,PA,17362
1640,910 West Broadway,Red Lion,PA,17356
11031,4 Ballast Lane,Stewartstown,PA,17363
2510,43-47 Baltimore Street,Hanover,PA,17331
1894,2901 Carlisle Road,Dover,PA,17315
11030,577 South Main Street,Shrewsbury,PA,17361
7886,115 Leader Heights Road,York,PA,17403
2271,4135 North George Street Ext,Manchester,PA,17345
451,1200 West Market Street,York,PA,17404
11029,3205 Cape Horn Road,Red Lion,PA,17356
11025,65 Newberry Parkway,Etters,PA,17319
